{"cameraMode":{"drawMode":0,"name":"Shaded","section":"Shading Mode"},"sceneLighting":true,"audioPlay":false,"sceneViewState":{"showFog":true,"showMaterialUpdate":false,"showSkybox":true,"showFlares":true,"showImageEffects":true,"showParticleSystems":true},"in2DMode":false,"pivot":{"x":-48.587005615234378,"y":3.227874755859375,"z":-1.2386211156845093},"rotation":{"x":0.10418913513422013,"y":-0.6208795309066773,"z":0.08380667120218277,"w":0.7725200057029724},"size":6.767909049987793,"orthographic":false}