{"cameraMode":{"drawMode":2,"name":"Shaded Wireframe","section":"Shading Mode"},"sceneLighting":false,"audioPlay":false,"sceneViewState":{"showFog":true,"showMaterialUpdate":false,"showSkybox":false,"showFlares":true,"showImageEffects":true,"showParticleSystems":true},"in2DMode":false,"pivot":{"x":-70.6677474975586,"y":2.592402219772339,"z":-1.2303459644317628},"rotation":{"x":0.2566440999507904,"y":-0.0459878034889698,"z":0.012402583844959736,"w":0.9655154943466187},"size":8.160262107849121,"orthographic":false}